<?xml version="1.0" encoding="UTF-8"?>
<project-private xmlns="http://www.netbeans.org/ns/project-private/1">
    <editor-bookmarks xmlns="http://www.netbeans.org/ns/editor-bookmarks/2" lastBookmarkId="0"/>
    <open-files xmlns="http://www.netbeans.org/ns/projectui-open-files/2">
        <group>
            <file>file:/C:/Users/Dressinha/Documents/Algar/ReconhecimentoFacial/src/reconhecimentofacial/Treinamento.java</file>
            <file>file:/C:/Users/Dressinha/Documents/Algar/ReconhecimentoFacial/src/reconhecimentofacial/telas/Cadastrar.java</file>
            <file>file:/C:/Users/Dressinha/Documents/Algar/ReconhecimentoFacial/src/reconhecimentofacial/Funcionario.java</file>
            <file>file:/C:/Users/Dressinha/Documents/Algar/ReconhecimentoFacial/src/reconhecimentofacial/telas/ReconhecimentoFacial.java</file>
            <file>file:/C:/Users/Dressinha/Documents/Algar/ReconhecimentoFacial/src/reconhecimentofacial/Reconhecimento.java</file>
            <file>file:/C:/Users/Dressinha/Documents/Algar/ReconhecimentoFacial/src/reconhecimentofacial/Teste.java</file>
            <file>file:/C:/Users/Dressinha/Documents/Algar/ReconhecimentoFacial/src/reconhecimentofacial/Captura.java</file>
            <file>file:/C:/Users/Dressinha/Documents/Algar/ReconhecimentoFacial/src/reconhecimentofacial/Cadastro.java</file>
        </group>
    </open-files>
</project-private>
