<?xml version="1.0" encoding="UTF-8"?>
<project-private xmlns="http://www.netbeans.org/ns/project-private/1">
    <editor-bookmarks xmlns="http://www.netbeans.org/ns/editor-bookmarks/2" lastBookmarkId="0"/>
    <open-files xmlns="http://www.netbeans.org/ns/projectui-open-files/2">
        <group>
            <file>file:/C:/Users/apmmm/OneDrive/Documentos/NetBeansProjects/Detecção/src/deteccao/TesteOpenCV.java</file>
            <file>file:/C:/Users/apmmm/OneDrive/Documentos/NetBeansProjects/Detecção/src/deteccao/Utilitarios.java</file>
            <file>file:/C:/Users/apmmm/OneDrive/Documentos/NetBeansProjects/Detecção/src/deteccao/Webcam.java</file>
            <file>file:/C:/Users/apmmm/OneDrive/Documentos/NetBeansProjects/Detecção/src/cascades/haarcascade_frontalface_default.xml</file>
            <file>file:/C:/Users/apmmm/OneDrive/Documentos/NetBeansProjects/Detecção/src/cascades/haarcascade_eye.xml</file>
            <file>file:/C:/Users/apmmm/OneDrive/Documentos/NetBeansProjects/Detecção/src/cascades/banana_classifier.xml</file>
        </group>
    </open-files>
</project-private>
